date,close,high,low
20250902,25.24,25.34,24.860001
20250903,25.1,25.43,24.91
20250904,24.5,24.860001,24.27
20250905,24.6,24.629999,24.42
20250908,25.01,25.01,24.41
20250909,24.809999,25.07,24.73
20250910,24.98,25.01,24.73
20250911,25.08,25.15,24.84
20250912,25.16,25.219999,24.959999
20250915,25.129999,25.219999,24.860001
20250916,25.360001,25.41,25.059999
20250917,25.67,25.76,25.370001
20250918,25.02,25.559999,24.879999
20250919,25.26,25.34,24.940001
20250922,25.02,25.309999,24.98
20250923,24.969999,25.23,24.9
20250924,25.190001,25.52,25.059999
20250925,25.459999,25.57,25.18
20250926,25.360001,25.549999,25.33
20250929,25.26,25.440001,25.07
20250930,24.99,25.049999,24.74
20251009,25.33,25.34,24.83
20251010,25.629999,26.1,25.219999
20251013,25.18,25.48,25.01
20251014,25.379999,25.52,25.08
20251015,25.35,25.51,25.18
20251016,25.27,25.52,25.27
20251017,25.110001,25.440001,25.08
20251020,25.620001,25.620001,25.02
20251021,25.73,25.870001,25.389999
20251022,26.65,26.709999,25.700001
20251023,27.01,27.219999,26.73
20251024,26.83,27.17,26.67
20251027,27.25,27.469999,26.629999
20251028,26.68,27.42,26.66
20251029,26.67,26.790001,26.530001
20251030,26.530001,26.959999,26.5
20251031,26.629999,26.780001,26.309999
20251103,27.940001,28.02,26.66
20251104,27.66,28.08,27.530001
20251105,27.309999,27.530001,27.27
20251106,27.82,28.0,27.15
20251107,27.969999,28.1,27.719999
20251110,28.559999,28.709999,27.799999
20251111,28.379999,28.700001,28.23
20251112,29.110001,29.59,28.469999
20251113,28.49,28.700001,28.07
20251114,28.540001,28.799999,28.4
20251117,28.48,28.98,28.24
20251118,28.1,28.610001,27.93
20251119,29.040001,29.129999,28.02
20251120,28.719999,29.200001,28.690001
20251121,28.43,28.77,28.190001
20251124,27.52,28.42,27.450001
20251125,27.68,27.84,27.42
20251126,27.33,27.82,27.110001
20251127,27.6,27.74,27.120001
20251128,27.309999,27.799999,27.200001
20251201,28.0,28.110001,27.379999
20251202,28.280001,28.5,27.969999
20251203,28.24,28.440001,28.08
20251204,28.6,28.719999,28.360001
20251205,28.459999,28.709999,28.27
20251208,28.059999,28.530001,27.959999
20251209,27.74,28.110001,27.629999
20251210,27.73,27.889999,27.610001
20251211,27.73,28.290001,27.620001
20251212,27.92,28.1,27.639999
20251215,27.84,28.16,27.799999
20251216,27.5,27.76,27.379999
20251217,27.77,27.82,27.219999
20251218,28.09,28.299999,27.76
20251219,27.309999,28.08,27.280001
20251222,27.17,27.35,26.870001
20251223,27.629999,27.700001,27.23
20251224,27.629999,27.639999,27.33
20251225,27.65,27.83,27.549999
20251226,27.83,27.92,27.57
20251229,28.459999,28.559999,27.690001
20251230,29.379999,29.6,28.4
20251231,29.700001,29.879999,29.34
20260105,28.559999,29.959999,28.24
20260106,29.309999,29.4,28.4
20260107,28.110001,29.0,27.809999
20260108,27.91,28.059999,27.83
20260109,28.26,28.459999,28.040001
20260112,28.129999,28.33,28.040001
20260113,29.15,29.42,28.139999
20260114,29.09,29.620001,28.879999
20260115,29.559999,29.959999,28.82
20260116,28.85,29.6,28.629999
20260119,28.950001,29.200001,28.68
20260120,29.16,29.299999,28.9
20260121,30.08,30.110001,29.15
20260122,31.34,31.91,30.33
20260123,30.92,31.33,30.51
20260126,33.009998,33.119999,31.42
20260127,32.77,33.560001,32.400002
20260128,35.09,35.740002,33.439999
20260129,35.939999,36.419998,34.790001
20260130,35.040001,36.290001,34.02
20260202,33.049999,34.509998,33.049999
20260203,33.299999,33.32,32.57
20260204,33.529999,34.18,33.32
20260205,33.200001,34.220001,32.849998
20260206,33.82,34.080002,32.240002
20260209,33.610001,33.93,33.450001
20260210,33.84,34.380001,33.779999
20260211,34.349998,34.5,33.43
20260212,35.060001,35.200001,34.470001
20260213,33.91,34.27,33.580002
20260224,36.740002,36.779999,35.299999
20260225,35.91,36.82,35.369999
20260226,34.990002,35.98,34.919998
20260227,35.389999,35.450001,34.810001
20260302,38.98,38.98,37.419998
20260303,42.93,42.93,40.52
20260304,42.369999,44.02,38.59
20260305,41.119999,42.369999,40.080002
20260306,40.009998,41.900002,39.18
20260309,42.880001,44.060001,42.52
20260310,40.5,41.18,38.549999
20260311,41.279999,41.599998,39.720001
20260312,42.52,42.77,41.169998
20260313,41.52,43.18,40.919998
20260316,40.73,42.400002,40.689999
20260317,39.98,40.880001,39.419998
20260318,39.419998,39.709999,38.119999
20260319,41.759998,41.919998,40.32
20260320,41.43,41.849998,39.830002
20260323,41.619999,42.720001,41.240002
20260324,41.470001,41.52,40.439999
20260325,40.099998,40.400002,39.040001
20260326,40.450001,40.720001,39.799999
20260327,40.59,40.93,39.889999
20260330,40.619999,41.720001,40.41
20260331,39.52,40.970001,39.419998
20260401,38.16,39.689999,38.02
20260402,38.849998,39.200001,38.43
20260403,38.700001,39.07,38.389999
20260407,39.279999,39.700001,38.220001
20260408,36.889999,37.18,36.029999
20260409,37.830002,37.919998,36.77
20260410,37.619999,37.98,37.400002
20260413,37.630001,38.5,37.240002
20260414,37.220001,37.52,36.82
20260415,36.41,36.630001,35.799999
20260416,36.48,36.709999,35.970001
20260417,36.860001,36.970001,36.279999
20260420,36.68,37.060001,36.02
20260421,36.959999,37.119999,36.619999
20260422,36.610001,37.369999,36.529999
20260423,37.560001,37.84,36.68
20260424,37.900002,38.290001,37.52
20260427,38.34,38.700001,37.619999
20260428,39.290001,39.419998,38.290001
20260429,39.470001,39.779999,38.959999
20260430,39.509998,40.040001,39.220001
20260506,37.799999,38.630001,37.68
20260507,35.880001,37.139999,35.82
20260508,35.869999,36.34,35.799999
20260511,35.77,36.299999,35.700001
20260512,35.709999,35.990002,35.619999
20260513,35.73,36.27,35.639999
20260514,35.580002,35.799999,35.419998
20260515,36.029999,36.189999,35.169998
20260518,36.419998,36.869999,36.200001
20260519,36.439999,36.490002,35.889999
20260520,37.099998,37.52,36.27
20260521,35.740002,36.25,35.720001
20260522,35.349998,35.759998,35.02
20260525,34.139999,35.110001,34.029999
20260526,34.689999,34.799999,34.110001
20260527,33.610001,34.68,33.43
20260528,33.98,34.459999,33.43
20260529,33.919998,34.080002,33.150002
20260601,34.34,34.5,33.82
20260602,34.700001,35.580002,34.560001
20260603,35.799999,35.889999,34.580002
20260604,34.970001,35.439999,34.77
20260605,34.700001,35.259998,34.330002
20260608,36.09,36.720001,34.709999
20260609,34.560001,35.52,34.330002
20260610,33.57,34.669998,33.419998
20260611,33.34,34.380001,32.869999
20260612,32.880001,33.509998,32.380001
20260615,31.34,31.82,31.139999
20260616,30.790001,31.450001,30.68
20260617,30.92,30.92,30.219999
20260618,30.219999,30.940001,29.959999
20260622,30.059999,30.68,29.82
20260623,28.860001,30.219999,28.75
20260624,28.73,29.049999,28.43
20260625,27.25,28.280001,27.08
20260626,26.889999,27.620001,26.5
20260629,26.860001,27.219999,26.52
20260630,26.67,26.780001,26.17
20260701,26.540001,26.969999,26.43
20260702,26.27,26.66,25.92
20260703,27.209999,27.34,26.379999
20260706,27.790001,27.950001,26.9
20260707,27.92,28.01,27.35
20260708,28.280001,28.73,28.07
20260709,27.870001,28.76,27.799999
20260710,28.15,28.4,27.5
20260713,28.82,28.85,28.18
20260714,29.52,29.879999,28.700001
20260715,29.790001,29.950001,28.74
20260716,28.959999,29.940001,28.879999
20260717,28.969999,29.35,28.82
20260720,31.870001,31.870001,29.51
20260721,30.93,31.98,30.76
20260722,32.389999,32.630001,31.459999
20260723,32.990002,33.299999,32.400002
20260724,31.91,33.830002,31.809999
20260727,31.549999,31.799999,30.0
20260728,31.32,31.530001,30.42
20260729,31.48,32.18,31.440001
20260730,32.549999,32.720001,31.889999
20260731,32.259998,32.27,31.540001
20260803,31.85,32.580002,31.75
20260804,31.559999,32.0,31.549999
20260805,30.690001,31.190001,30.559999
20260806,30.959999,30.99,30.42
20260807,31.33,31.49,31.02
20260810,32.0,32.380001,31.379999
20260811,33.700001,33.75,32.279999
20260812,32.849998,33.529999,32.810001
20260813,32.630001,32.93,31.9
20260814,32.669998,32.779999,31.93
20260817,32.889999,33.150002,32.549999
20260818,33.580002,33.84,33.25
20260819,33.349998,33.98,33.349998
20260820,33.299999,33.73,32.799999
20260821,33.860001,34.490002,33.549999
20260824,33.720001,33.84,33.189999
20260825,33.509998,33.950001,33.41
20260826,33.330002,33.459999,32.23
20260827,33.82,33.990002,33.099998
20260828,34.189999,34.380001,33.700001
20260831,34.709999,34.919998,34.259998
20260901,34.509998,35.25,34.5
20260902,33.77,35.43,33.720001
20260903,33.43,34.110001,33.200001
20260904,33.41,33.73,33.200001
20260907,33.119999,33.650002,32.529999
20260908,34.389999,34.400002,33.02
20260909,34.18,34.450001,33.919998
20260910,34.419998,35.099998,34.27
20260911,33.91,35.5,33.799999
